Workbook
Name solver_adj: S8_Solver!$B$15:$K$15
Name solver_eng: 1
Name solver_lhs1: S8_Solver!$L$15
Name solver_lhs2: S8_Solver!$B$20
Name solver_neg: 1
Name solver_num: 2
Name solver_opt: S8_Solver!$B$19
Name solver_rel1: 2
Name solver_rel2: 3
Name solver_rhs1: 1
Name solver_rhs2: 2
Name solver_typ: 1
Name solver_val: 0

Sheet Cover
A1: FIN3702B Investment Analysis & Portfolio Management: Group Project (AY2026/27 Sem 1)
A3: Section number
A4: Group number (B#_Group#)
A6: Member name | B6: Matric number
A14: Colour legend
A15: Yellow | B15: Input or Solver decision variable
A16: Navy header | B16: Label
A17: White | B17: Formula (no hardcoded results in Sheets 6, 7, 8)
A19: Sheet index
A20: S1_Summary | B20: Portfolio mix, return, st. dev., Sharpe for MVP, ORP, OCP (4c and 6b); Step 8
A21: S2_MVF_Excel | B21: Minimum variance frontier chart built in Excel (with CAL, MVP, ORP, OCP)
A22: S3_MVF_AI | B22: Same chart generated by LLM-written Python
A23: S4_Prices | B23: Raw monthly ETF prices (Adj Close and Close)
A24: S5_Macro | B24: Fama-French data and FRED macro data
A25: S6_Returns | B25: Monthly returns, annualised return, st. dev., Sharpe (Excel formulas)
A26: S7_Cov | B26: Annualised covariance matrix (Excel formulas)
A27: S8_Solver | B27: Solver derivation of MVP, ORP, OCP
A30: Conventions: monthly adjusted close; Dec 2020 base so 48 returns Jan 2021 - Dec 2024; annualised return = mean x 12; st. dev. = STDEV.S x SQRT(12); rf = French RF/100, mean x 12; no short-selling; ORP needs >= 2 ETFs; A = 7.
A31: Data: Yahoo Finance (prices), Kenneth French Data Library (RF), FRED (macro, capped at Dec 2024 for the Step 6 model).
A32: Caveat: 48 observations is a small sample; weights are sensitive to estimation error (see report).

Sheet S1_Summary
A1: Executive summary: portfolios, risk and return (estimation window Jan 2021 - Dec 2024, 48 obs)
A3: Asset | B3: MVP | C3: ORP | D3: OCP (Step 4c) | E3: OCP (Step 6b) | G3: E[r]
A4: SPY | B4: =S8_Solver!B9 -> 0 | C4: =S8_Solver!B15 -> 0 | D4: =S8_Solver!B24 -> 0 | E4: 1.8791554e-15 | G4: =S8_Solver!B4 -> 0
A5: IWM | B5: =S8_Solver!C9 -> 0 | C5: =S8_Solver!C15 -> 0 | D5: =S8_Solver!C24 -> 0 | E5: 0 | G5: =S8_Solver!C4 -> 0
A6: VEA | B6: =S8_Solver!D9 -> 0 | C6: =S8_Solver!D15 -> 0 | D6: =S8_Solver!D24 -> 0 | E6: 0 | G6: =S8_Solver!D4 -> 0
A7: VWO | B7: =S8_Solver!E9 -> 0 | C7: =S8_Solver!E15 -> 0 | D7: =S8_Solver!E24 -> 0 | E7: 0 | G7: =S8_Solver!E4 -> 0
A8: XLE | B8: =S8_Solver!F9 -> 0 | C8: =S8_Solver!F15 -> 0 | D8: =S8_Solver!F24 -> 0 | E8: 0.40322529 | G8: =S8_Solver!F4 -> 0
A9: QQQ | B9: =S8_Solver!G9 -> 0 | C9: =S8_Solver!G15 -> 0 | D9: =S8_Solver!G24 -> 0 | E9: 0.53945346 | G9: =S8_Solver!G4 -> 0
A10: AGG | B10: =S8_Solver!H9 -> 0 | C10: =S8_Solver!H15 -> 0 | D10: =S8_Solver!H24 -> 0 | E10: 6.1908674e-16 | G10: =S8_Solver!H4 -> 0
A11: TIP | B11: =S8_Solver!I9 -> 0 | C11: =S8_Solver!I15 -> 0 | D11: =S8_Solver!I24 -> 0 | E11: 0 | G11: =S8_Solver!I4 -> 0
A12: HYG | B12: =S8_Solver!J9 -> 0 | C12: =S8_Solver!J15 -> 0 | D12: =S8_Solver!J24 -> 0 | E12: 0 | G12: =S8_Solver!J4 -> 0
A13: GLD | B13: =S8_Solver!K9 -> 0 | C13: =S8_Solver!K15 -> 0 | D13: =S8_Solver!K24 -> 0 | E13: 0.61095797 | G13: =S8_Solver!K4 -> 0
A14: Risk-free asset (negative = borrowing) | B14: 0 | C14: 0 | D14: =S8_Solver!B25 -> 0 | E14: =1-SUM(E4:E13) -> 0 | F14: rf -> | G14: =S8_Solver!B6 -> 0
A15: Total | B15: =SUM(B4:B14) -> 0 | C15: =SUM(C4:C14) -> 0 | D15: =SUM(D4:D14) -> 0 | E15: =SUM(E4:E14) -> 0
A17: Expected return (annual) | B17: =SUMPRODUCT(B4:B13,$G$4:$G$13)+B14*$G$14 -> 0 | C17: =SUMPRODUCT(C4:C13,$G$4:$G$13)+C14*$G$14 -> 0 | D17: =SUMPRODUCT(D4:D13,$G$4:$G$13)+D14*$G$14 -> 0 | E17: =SUMPRODUCT(E4:E13,$G$4:$G$13)+E14*$G$14 -> 0
A18: St. dev. (annual) | B18: =SQRT(SUMPRODUCT(MMULT(S7_Cov!$B$2:$K$11,B4:B13),B4:B13)) -> 0 | C18: =SQRT(SUMPRODUCT(MMULT(S7_Cov!$B$2:$K$11,C4:C13),C4:C13)) -> 0 | D18: =SQRT(SUMPRODUCT(MMULT(S7_Cov!$B$2:$K$11,D4:D13),D4:D13)) -> 0 | E18: =SQRT(SUMPRODUCT(MMULT(S7_Cov!$B$2:$K$11,E4:E13),E4:E13)) -> 0
A19: Sharpe ratio | B19: =(B17-$G$14)/B18 -> 0 | C19: =(C17-$G$14)/C18 -> 0 | D19: =(D17-$G$14)/D18 -> 0 | E19: =(E17-$G$14)/E18 -> 0
A20: Step 6b weights (yellow) come from the LLM (Prompt D v2) macro ridge model. Columns B-E are all evaluated with the same 2021-24 sample estimates so they are comparable.
A21: Step 6b per its own model (macro-ridge E[r], Ledoit-Wolf covariance, y = 1.55): return 26.4%, st. dev. 18.4%, Sharpe 1.28.
A22: STEP 8: $100,000 invested at the start of 2025, buy-and-hold (computed in Python: evaluate.py)
D23: OCP (Step 4c) | E23: OCP (Step 6b)
A24: End value ($) | D24: 139238.48 | E24: 150932.13
A25: Total return 2025 | D25: 0.39238481 | E25: 0.50932135
A26: Sharpe (annualised) | D26: 3.2955275 | E26: 3.8182501
A27: Sortino | D27: 8.0791344 | E27: 20.192956
A28: Treynor | D28: 1.4130893 | E28: 0.8633236
A29: Jensen alpha vs SPY | D29: 0.27063777 | E29: 0.32490974
A30: Beta vs SPY | D30: 0.21060817 | E30: 0.4418953
A31: M-squared | D31: 0.40342297 | E31: 0.46079793
A32: Max drawdown | D32: -0.033336638 | E32: -0.015392659
A33: Information ratio vs SPY | D33: 1.380093 | E33: 2.3782264
A35: Caveat: 48 monthly observations is a small sample; the 12 months of 2025 are even smaller. See the report for sensitivity analysis.

Sheet S2_MVF_Excel
A1: Pt | B1: SPY | C1: IWM | D1: VEA | E1: VWO | F1: XLE | G1: QQQ | H1: AGG | I1: TIP | J1: HYG | K1: GLD | L1: Return | M1: St. dev.
A2: 1 | B2: 0 | C2: 0 | D2: 0 | E2: 0 | F2: 0 | G2: 0 | H2: 1 | I2: 0 | J2: 0 | K2: 0 | L2: =SUMPRODUCT(B2:K2,S8_Solver!$B$4:$K$4) -> 0 | M2: =SQRT(SUMPRODUCT(MMULT(B2:K2,S7_Cov!$B$2:$K$11),B2:K2)) -> 0
A3: 2 | B3: 0 | C3: 0 | D3: 0 | E3: 0 | F3: 0 | G3: 0 | H3: 0.77015458 | I3: 0.22984542 | J3: 0 | K3: 0 | L3: =SUMPRODUCT(B3:K3,S8_Solver!$B$4:$K$4) -> 0 | M3: =SQRT(SUMPRODUCT(MMULT(B3:K3,S7_Cov!$B$2:$K$11),B3:K3)) -> 0
A4: 3 | B4: 0 | C4: 0 | D4: 0 | E4: 0 | F4: 0 | G4: 0 | H4: 0.54030917 | I4: 0.45969083 | J4: 0 | K4: 0 | L4: =SUMPRODUCT(B4:K4,S8_Solver!$B$4:$K$4) -> 0 | M4: =SQRT(SUMPRODUCT(MMULT(B4:K4,S7_Cov!$B$2:$K$11),B4:K4)) -> 0
A5: 4 | B5: 0 | C5: 0 | D5: 0 | E5: 0 | F5: 0.0059831885 | G5: 0 | H5: 0.41312203 | I5: 0.58089478 | J5: 0 | K5: 0 | L5: =SUMPRODUCT(B5:K5,S8_Solver!$B$4:$K$4) -> 0 | M5: =SQRT(SUMPRODUCT(MMULT(B5:K5,S7_Cov!$B$2:$K$11),B5:K5)) -> 0
A6: 5 | B6: 0 | C6: 0 | D6: 0 | E6: 0 | F6: 0.014381705 | G6: 0 | H6: 0.3938769 | I6: 0.57932534 | J6: 0 | K6: 0.012416056 | L6: =SUMPRODUCT(B6:K6,S8_Solver!$B$4:$K$4) -> 0 | M6: =SQRT(SUMPRODUCT(MMULT(B6:K6,S7_Cov!$B$2:$K$11),B6:K6)) -> 0
A7: 6 | B7: 0 | C7: 0 | D7: 0 | E7: 0 | F7: 0.022134798 | G7: 0 | H7: 0.37547 | I7: 0.57533899 | J7: 0 | K7: 0.027056212 | L7: =SUMPRODUCT(B7:K7,S8_Solver!$B$4:$K$4) -> 0 | M7: =SQRT(SUMPRODUCT(MMULT(B7:K7,S7_Cov!$B$2:$K$11),B7:K7)) -> 0
A8: 7 | B8: 0 | C8: 0 | D8: 0 | E8: 0 | F8: 0.02988789 | G8: 0 | H8: 0.35706307 | I8: 0.57135267 | J8: 0 | K8: 0.041696366 | L8: =SUMPRODUCT(B8:K8,S8_Solver!$B$4:$K$4) -> 0 | M8: =SQRT(SUMPRODUCT(MMULT(B8:K8,S7_Cov!$B$2:$K$11),B8:K8)) -> 0
A9: 8 | B9: 0 | C9: 0 | D9: 0 | E9: 0 | F9: 0.037640963 | G9: 0 | H9: 0.33865613 | I9: 0.56736632 | J9: 0 | K9: 0.056336578 | L9: =SUMPRODUCT(B9:K9,S8_Solver!$B$4:$K$4) -> 0 | M9: =SQRT(SUMPRODUCT(MMULT(B9:K9,S7_Cov!$B$2:$K$11),B9:K9)) -> 0
A10: 9 | B10: 0 | C10: 0 | D10: 0 | E10: 0 | F10: 0.045394076 | G10: 0 | H10: 0.32024927 | I10: 0.56337998 | J10: 0 | K10: 0.070976677 | L10: =SUMPRODUCT(B10:K10,S8_Solver!$B$4:$K$4) -> 0 | M10: =SQRT(SUMPRODUCT(MMULT(B10:K10,S7_Cov!$B$2:$K$11),B10:K10)) -> 0
A11: 10 | B11: 0 | C11: 0 | D11: 0 | E11: 0 | F11: 0.053147168 | G11: 0 | H11: 0.30184233 | I11: 0.55939367 | J11: 0 | K11: 0.085616829 | L11: =SUMPRODUCT(B11:K11,S8_Solver!$B$4:$K$4) -> 0 | M11: =SQRT(SUMPRODUCT(MMULT(B11:K11,S7_Cov!$B$2:$K$11),B11:K11)) -> 0
A12: 11 | B12: 0 | C12: 0 | D12: 0 | E12: 0 | F12: 0.060900262 | G12: 0 | H12: 0.28343542 | I12: 0.55540733 | J12: 0 | K12: 0.10025698 | L12: =SUMPRODUCT(B12:K12,S8_Solver!$B$4:$K$4) -> 0 | M12: =SQRT(SUMPRODUCT(MMULT(B12:K12,S7_Cov!$B$2:$K$11),B12:K12)) -> 0
A13: 12 | B13: 0 | C13: 0 | D13: 0 | E13: 0 | F13: 0.068653354 | G13: 0 | H13: 0.26502852 | I13: 0.55142099 | J13: 0 | K13: 0.11489714 | L13: =SUMPRODUCT(B13:K13,S8_Solver!$B$4:$K$4) -> 0 | M13: =SQRT(SUMPRODUCT(MMULT(B13:K13,S7_Cov!$B$2:$K$11),B13:K13)) -> 0
... A81: 80 | B81: 0 | C81: 0 | D81: 0 | E81: 0 | F81: 1 | G81: 0 | H81: 0 | I81: 0 | J81: 0 | K81: 0 | L81: =SUMPRODUCT(B81:K81,S8_Solver!$B$4:$K$4) -> 0 | M81: =SQRT(SUMPRODUCT(MMULT(B81:K81,S7_Cov!$B$2:$K$11),B81:K81)) -> 0
A84: Point | B84: St. dev. | C84: Return
A85: MVP | B85: =S8_Solver!B12 -> 0 | C85: =S8_Solver!B10 -> 0
A86: ORP | B86: =S8_Solver!B18 -> 0 | C86: =S8_Solver!B16 -> 0
A87: OCP (A=7) | B87: =S8_Solver!B27 -> 0 | C87: =S8_Solver!B26 -> 0
A88: CAL start (rf) | B88: =0 -> 0 | C88: =S8_Solver!B6 -> 0
A89: CAL end | B89: =1.7*S8_Solver!B18 -> 0 | C89: =S8_Solver!B6+1.7*(S8_Solver!B16-S8_Solver!B6) -> 0
A90: SPY | B90: =S6_Returns!B65 -> 0 | C90: =S6_Returns!B64 -> 0
A91: IWM | B91: =S6_Returns!C65 -> 0 | C91: =S6_Returns!C64 -> 0
A92: VEA | B92: =S6_Returns!D65 -> 0 | C92: =S6_Returns!D64 -> 0
A93: VWO | B93: =S6_Returns!E65 -> 0 | C93: =S6_Returns!E64 -> 0
A94: XLE | B94: =S6_Returns!F65 -> 0 | C94: =S6_Returns!F64 -> 0
A95: QQQ | B95: =S6_Returns!G65 -> 0 | C95: =S6_Returns!G64 -> 0
A96: AGG | B96: =S6_Returns!H65 -> 0 | C96: =S6_Returns!H64 -> 0
A97: TIP | B97: =S6_Returns!I65 -> 0 | C97: =S6_Returns!I64 -> 0
A98: HYG | B98: =S6_Returns!J65 -> 0 | C98: =S6_Returns!J64 -> 0
A99: GLD | B99: =S6_Returns!K65 -> 0 | C99: =S6_Returns!K64 -> 0
A101: Frontier weights (cols B:K) are the min-variance solutions for each target return; return and st. dev. are recomputed from them with Excel formulas.

Sheet S3_MVF_AI
A1: Minimum variance frontier chart generated by LLM-written Python (Prompt B; see the prompts document)
A2: Produced by running the LLM's code unmodified; its MVP / ORP / OCP match Sheet 8 within 1e-6.

Sheet S4_Prices
A1: Date | B1: SPY | C1: IWM | D1: VEA | E1: VWO | F1: XLE | G1: QQQ | H1: AGG | I1: TIP | J1: HYG | K1: GLD | M1: Close -> | N1: SPY | O1: IWM | P1: VEA | Q1: VWO | R1: XLE | S1: QQQ | T1: AGG | U1: TIP | V1: HYG | W1: GLD
A2: 44196 | B2: 346.30328 | C2: 183.12979 | D2: 39.813156 | E2: 42.518478 | F2: 15.382147 | G2: 303.42871 | H2: 98.843987 | I2: 101.74307 | J2: 63.858437 | K2: 178.36 | N2: 373.88 | O2: 196.06 | P2: 47.209999 | Q2: 50.110001 | R2: 18.950001 | S2: 313.73999 | T2: 118.19 | U2: 127.65 | V2: 87.300003 | W2: 178.36
A3: 44227 | B3: 342.77426 | C3: 192.0033 | D3: 39.526428 | E3: 43.850624 | F3: 15.958465 | G3: 304.22174 | H3: 98.108078 | I3: 102.01406 | J3: 63.617081 | K3: 172.61 | N3: 370.07001 | O3: 205.56 | P3: 46.869999 | Q3: 51.68 | R3: 19.66 | S3: 314.56 | T3: 117.31 | U3: 127.99 | V3: 86.970001 | W3: 172.61
A4: 44255 | B4: 352.30533 | C4: 203.91241 | D4: 40.487808 | E4: 44.537918 | F4: 19.542225 | G4: 303.81561 | H4: 96.618652 | I4: 100.29243 | J4: 63.461437 | K4: 161.81 | N4: 380.35999 | O4: 218.31 | P4: 48.009998 | Q4: 52.490002 | R4: 24.075001 | S4: 314.14001 | T4: 115.34 | U4: 125.83 | V4: 86.440002 | W4: 161.81
A5: 44286 | B5: 368.29971 | C5: 206.75703 | D5: 41.608704 | E5: 44.221512 | F5: 20.122826 | G5: 309.03134 | H5: 95.511055 | I5: 100.02943 | J5: 64.232857 | K5: 159.96001 | N5: 396.32999 | O5: 220.94 | P5: 49.110001 | Q5: 52.049999 | R5: 24.530001 | S5: 319.13 | T5: 113.83 | U5: 125.5 | V5: 87.18 | W5: 159.96001
A6: 44316 | B6: 387.78662 | C6: 210.45352 | D6: 42.879581 | E6: 45.011642 | F6: 20.258181 | G6: 327.29465 | H6: 96.210236 | I6: 101.45954 | J6: 64.64241 | K6: 165.66 | N6: 417.29999 | O6: 224.89 | P6: 50.610001 | Q6: 52.98 | R6: 24.695 | S6: 337.98999 | T6: 114.49 | U6: 126.99 | V6: 87.440002 | W6: 165.66
A7: 44347 | B7: 390.33286 | C7: 211.02437 | D7: 44.413124 | E7: 45.776276 | F7: 21.414854 | G7: 323.36307 | H7: 96.406357 | I7: 102.4984 | J7: 64.667641 | K7: 178.38 | N7: 420.04001 | O7: 225.5 | P7: 52.419998 | Q7: 53.880001 | R7: 26.105 | S7: 333.92999 | T7: 114.55 | U7: 127.77 | V7: 87.18 | W7: 178.38
A8: 44377 | B8: 399.08691 | C8: 214.96838 | D8: 44.003914 | E8: 46.383633 | F8: 22.321545 | G8: 343.61246 | H8: 97.204468 | I8: 103.24123 | J8: 65.524254 | K8: 165.63 | N8: 428.06 | O8: 229.37 | P8: 51.52 | Q8: 54.310001 | R8: 26.934999 | S8: 354.42999 | T8: 115.33 | U8: 128.00999 | V8: 88.040001 | W8: 165.63
A9: 44408 | B9: 408.82974 | C9: 207.17075 | D9: 44.22599 | E9: 43.650661 | F9: 20.465218 | G9: 353.44296 | H9: 98.289879 | I9: 106.00374 | J9: 65.592987 | K9: 169.82001 | N9: 438.51001 | O9: 221.05 | P9: 51.779999 | Q9: 51.110001 | R9: 24.695 | S9: 364.57001 | T9: 116.46 | U9: 130.58 | V9: 87.839996 | W9: 169.82001
A10: 44439 | B10: 420.99646 | C10: 211.73495 | D10: 44.806782 | E10: 44.607204 | F10: 20.055002 | G10: 368.35358 | H10: 98.092918 | I10: 105.82978 | J10: 65.992256 | K10: 169.69 | N10: 451.56 | O10: 225.92 | P10: 52.459999 | Q10: 52.23 | R10: 24.200001 | S10: 379.95001 | T10: 116.06 | U10: 129.59 | V10: 88.089996 | W10: 169.69
A11: 44469 | B11: 401.37573 | C11: 205.63623 | D11: 43.289818 | E11: 43.10751 | F11: 21.84621 | G11: 347.41949 | H11: 97.193192 | I11: 105.00418 | J11: 65.748039 | K11: 164.22 | N11: 429.14001 | O11: 218.75 | P11: 50.490002 | Q11: 50.009998 | R11: 26.045 | S11: 357.95999 | T11: 114.83 | U11: 127.69 | V11: 87.489998 | W11: 164.22
A12: 44500 | B12: 429.53769 | C12: 214.37871 | D12: 44.687366 | E12: 43.667789 | F12: 24.102545 | G12: 374.74063 | H12: 97.184715 | I12: 106.16924 | J12: 65.543709 | K12: 166.64999 | N12: 459.25 | O12: 228.05 | P12: 52.119999 | Q12: 50.66 | R12: 28.735001 | S12: 386.10999 | T12: 114.64 | U12: 128.67 | V12: 86.93 | W12: 166.64999
A13: 44530 | B13: 426.0864 | C13: 205.091 | D13: 42.612469 | E13: 42.400688 | F13: 22.894693 | G13: 382.2236 | H13: 97.447914 | I13: 107.08768 | J13: 64.777451 | K13: 165.5 | N13: 455.56 | O13: 218.17 | P13: 49.700001 | Q13: 49.189999 | R13: 27.295 | S13: 393.82001 | T13: 114.77 | U13: 129.66 | V13: 85.639999 | W13: 165.5
... A62: 46022 | B62: 676.63501 | C62: 244.50136 | D62: 61.884281 | E62: 53.594002 | F62: 43.841129 | G62: 612.22491 | H62: 96.900261 | I62: 106.27563 | J62: 77.13089 | K62: 396.31 | N62: 681.91998 | O62: 246.16 | P62: 62.470001 | Q62: 53.759998 | R62: 44.709999 | S62: 614.31 | T62: 99.879997 | U62: 109.91 | V62: 80.629997 | W62: 396.31
A64: Source: Yahoo Finance via yfinance, month-end Adj Close (cols B:K) and Close (cols N:W).

Sheet S5_Macro
A1: Date | B1: Mkt-RF (%) | C1: SMB (%) | D1: HML (%) | E1: RF (%) | H1: Date | I1: DGS10 | J1: T10Y2Y | K1: VIXCLS | L1: FEDFUNDS | M1: CPIAUCSL | N1: UNRATE
A2: 44196 | B2: 4.63 | C2: 5.01 | D2: -1.68 | E2: 0.01 | H2: 43496 | I2: 2.7138095 | J2: 0.17047619 | K2: 19.572381 | L2: 2.4 | M2: 252.561 | N2: 4
A3: 44227 | B3: -0.07 | C3: 7.14 | D3: 3.22 | E3: 0 | H3: 43524 | I3: 2.6763158 | J3: 0.17210526 | K3: 15.234737 | L3: 2.4 | M3: 253.319 | N3: 3.8
A4: 44255 | B4: 2.81 | C4: 2.02 | D4: 7.2 | E4: 0 | H4: 43555 | I4: 2.5709524 | J4: 0.16142857 | K4: 14.485238 | L4: 2.41 | M4: 254.277 | N4: 3.8
A5: 44286 | B5: 3.17 | C5: -2.33 | D5: 7.35 | E5: 0 | H5: 43585 | I5: 2.532381 | J5: 0.18761905 | K5: 12.949048 | L5: 2.42 | M5: 255.233 | N5: 3.7
A6: 44316 | B6: 4.95 | C6: -3.19 | D6: -1.02 | E6: 0 | H6: 43616 | I6: 2.395 | J6: 0.18863636 | K6: 16.721818 | L6: 2.39 | M6: 255.296 | N6: 3.6
A7: 44347 | B7: 0.3 | C7: -0.2 | D7: 7.04 | E7: 0 | H7: 43646 | I7: 2.074 | J7: 0.26 | K7: 15.836 | L7: 2.38 | M7: 255.213 | N7: 3.6
A8: 44377 | B8: 2.74 | C8: 1.7 | D8: -7.86 | E8: 0 | H8: 43677 | I8: 2.0590909 | J8: 0.22409091 | K8: 13.305909 | L8: 2.4 | M8: 255.802 | N8: 3.7
A9: 44408 | B9: 1.34 | C9: -3.93 | D9: -1.8 | E9: 0 | H9: 43708 | I9: 1.6263636 | J9: 0.055 | K9: 18.979091 | L9: 2.13 | M9: 256.036 | N9: 3.6
A10: 44439 | B10: 2.94 | C10: -0.32 | D10: -0.23 | E10: 0 | H10: 43738 | I10: 1.6995 | J10: 0.0515 | K10: 15.559 | L10: 2.04 | M10: 256.43 | N10: 3.5
A11: 44469 | B11: -4.4 | C11: 0.66 | D11: 5.12 | E11: 0 | H11: 43769 | I11: 1.7068182 | J11: 0.15545455 | K11: 15.466522 | L11: 1.83 | M11: 257.155 | N11: 3.6
A12: 44500 | B12: 6.63 | C12: -2.26 | D12: -0.53 | E12: 0 | H12: 43799 | I12: 1.8121053 | J12: 0.19947368 | K12: 12.5235 | L12: 1.55 | M12: 257.879 | N12: 3.6
A13: 44530 | B13: -1.58 | C13: -1.31 | D13: -0.37 | E13: 0 | H13: 43830 | I13: 1.8628571 | J13: 0.24952381 | K13: 13.756667 | L13: 1.55 | M13: 258.63 | N13: 3.6
... A62: 46022 | B62: -0.36 | C62: -1.04 | D62: 2.4 | E62: 0.34 | H62: 45322 | I62: 4.0580952 | J62: -0.2647619 | K62: 13.388636 | L62: 5.33 | M62: 309.698 | N62: 3.7
H63: 45351 | I63: 4.2075 | J63: -0.3365 | K63: 13.980476 | L63: 5.33 | M63: 310.967 | N63: 3.9
A64: Source: Kenneth French Data Library, F-F_Research_Data_Factors (monthly), percent. | H64: 45382 | I64: 4.2085 | J64: -0.3795 | K64: 13.7875 | L64: 5.33 | M64: 312.345 | N64: 3.9
H65: 45412 | I65: 4.5390909 | J65: -0.33409091 | K65: 16.137727 | L65: 5.33 | M65: 313.023 | N65: 3.9
H66: 45443 | I66: 4.4822727 | J66: -0.37409091 | K66: 13.058696 | L66: 5.33 | M66: 313.175 | N66: 3.9
H67: 45473 | I67: 4.3052632 | J67: -0.43157895 | K67: 12.667 | L67: 5.33 | M67: 313.044 | N67: 4.1
H68: 45504 | I68: 4.2486364 | J68: -0.24727273 | K68: 14.373913 | L68: 5.33 | M68: 313.569 | N68: 4.2
H69: 45535 | I69: 3.8709091 | J69: -0.094545455 | K69: 19.312273 | L69: 5.33 | M69: 314.062 | N69: 4.2
H70: 45565 | I70: 3.7235 | J70: 0.101 | K70: 17.663333 | L70: 5.13 | M70: 314.732 | N70: 4.1
H71: 45596 | I71: 4.0954545 | J71: 0.12318182 | K71: 19.96087 | L71: 4.83 | M71: 315.631 | N71: 4.1
H72: 45626 | I72: 4.3557895 | J72: 0.098421053 | K72: 16.015238 | L72: 4.64 | M72: 316.528 | N72: 4.2
H73: 45657 | I73: 4.3914286 | J73: 0.16571429 | K73: 15.86619 | L73: 4.48 | M73: 317.604 | N73: 4.1
H75: Source: FRED (daily series averaged to month); capped at 2024-12-31 for the Step 6 model.

Sheet S6_Returns
A1: Date | B1: SPY | C1: IWM | D1: VEA | E1: VWO | F1: XLE | G1: QQQ | H1: AGG | I1: TIP | J1: HYG | K1: GLD | L1: RF (monthly)
A2: 44227 | B2: =S4_Prices!B3/S4_Prices!B2-1 -> 0 | C2: =S4_Prices!C3/S4_Prices!C2-1 -> 0 | D2: =S4_Prices!D3/S4_Prices!D2-1 -> 0 | E2: =S4_Prices!E3/S4_Prices!E2-1 -> 0 | F2: =S4_Prices!F3/S4_Prices!F2-1 -> 0 | G2: =S4_Prices!G3/S4_Prices!G2-1 -> 0 | H2: =S4_Prices!H3/S4_Prices!H2-1 -> 0 | I2: =S4_Prices!I3/S4_Prices!I2-1 -> 0 | ... K2: =S4_Prices!K3/S4_Prices!K2-1 -> 0 | L2: =S5_Macro!E3/100 -> 0
A3: 44255 | B3: =S4_Prices!B4/S4_Prices!B3-1 -> 0 | C3: =S4_Prices!C4/S4_Prices!C3-1 -> 0 | D3: =S4_Prices!D4/S4_Prices!D3-1 -> 0 | E3: =S4_Prices!E4/S4_Prices!E3-1 -> 0 | F3: =S4_Prices!F4/S4_Prices!F3-1 -> 0 | G3: =S4_Prices!G4/S4_Prices!G3-1 -> 0 | H3: =S4_Prices!H4/S4_Prices!H3-1 -> 0 | I3: =S4_Prices!I4/S4_Prices!I3-1 -> 0 | ... K3: =S4_Prices!K4/S4_Prices!K3-1 -> 0 | L3: =S5_Macro!E4/100 -> 0
A4: 44286 | B4: =S4_Prices!B5/S4_Prices!B4-1 -> 0 | C4: =S4_Prices!C5/S4_Prices!C4-1 -> 0 | D4: =S4_Prices!D5/S4_Prices!D4-1 -> 0 | E4: =S4_Prices!E5/S4_Prices!E4-1 -> 0 | F4: =S4_Prices!F5/S4_Prices!F4-1 -> 0 | G4: =S4_Prices!G5/S4_Prices!G4-1 -> 0 | H4: =S4_Prices!H5/S4_Prices!H4-1 -> 0 | I4: =S4_Prices!I5/S4_Prices!I4-1 -> 0 | ... K4: =S4_Prices!K5/S4_Prices!K4-1 -> 0 | L4: =S5_Macro!E5/100 -> 0
A5: 44316 | B5: =S4_Prices!B6/S4_Prices!B5-1 -> 0 | C5: =S4_Prices!C6/S4_Prices!C5-1 -> 0 | D5: =S4_Prices!D6/S4_Prices!D5-1 -> 0 | E5: =S4_Prices!E6/S4_Prices!E5-1 -> 0 | F5: =S4_Prices!F6/S4_Prices!F5-1 -> 0 | G5: =S4_Prices!G6/S4_Prices!G5-1 -> 0 | H5: =S4_Prices!H6/S4_Prices!H5-1 -> 0 | I5: =S4_Prices!I6/S4_Prices!I5-1 -> 0 | ... K5: =S4_Prices!K6/S4_Prices!K5-1 -> 0 | L5: =S5_Macro!E6/100 -> 0
A6: 44347 | B6: =S4_Prices!B7/S4_Prices!B6-1 -> 0 | C6: =S4_Prices!C7/S4_Prices!C6-1 -> 0 | D6: =S4_Prices!D7/S4_Prices!D6-1 -> 0 | E6: =S4_Prices!E7/S4_Prices!E6-1 -> 0 | F6: =S4_Prices!F7/S4_Prices!F6-1 -> 0 | G6: =S4_Prices!G7/S4_Prices!G6-1 -> 0 | H6: =S4_Prices!H7/S4_Prices!H6-1 -> 0 | I6: =S4_Prices!I7/S4_Prices!I6-1 -> 0 | ... K6: =S4_Prices!K7/S4_Prices!K6-1 -> 0 | L6: =S5_Macro!E7/100 -> 0
A7: 44377 | B7: =S4_Prices!B8/S4_Prices!B7-1 -> 0 | C7: =S4_Prices!C8/S4_Prices!C7-1 -> 0 | D7: =S4_Prices!D8/S4_Prices!D7-1 -> 0 | E7: =S4_Prices!E8/S4_Prices!E7-1 -> 0 | F7: =S4_Prices!F8/S4_Prices!F7-1 -> 0 | G7: =S4_Prices!G8/S4_Prices!G7-1 -> 0 | H7: =S4_Prices!H8/S4_Prices!H7-1 -> 0 | I7: =S4_Prices!I8/S4_Prices!I7-1 -> 0 | ... K7: =S4_Prices!K8/S4_Prices!K7-1 -> 0 | L7: =S5_Macro!E8/100 -> 0
A8: 44408 | B8: =S4_Prices!B9/S4_Prices!B8-1 -> 0 | C8: =S4_Prices!C9/S4_Prices!C8-1 -> 0 | D8: =S4_Prices!D9/S4_Prices!D8-1 -> 0 | E8: =S4_Prices!E9/S4_Prices!E8-1 -> 0 | F8: =S4_Prices!F9/S4_Prices!F8-1 -> 0 | G8: =S4_Prices!G9/S4_Prices!G8-1 -> 0 | H8: =S4_Prices!H9/S4_Prices!H8-1 -> 0 | I8: =S4_Prices!I9/S4_Prices!I8-1 -> 0 | ... K8: =S4_Prices!K9/S4_Prices!K8-1 -> 0 | L8: =S5_Macro!E9/100 -> 0
A9: 44439 | B9: =S4_Prices!B10/S4_Prices!B9-1 -> 0 | C9: =S4_Prices!C10/S4_Prices!C9-1 -> 0 | D9: =S4_Prices!D10/S4_Prices!D9-1 -> 0 | E9: =S4_Prices!E10/S4_Prices!E9-1 -> 0 | F9: =S4_Prices!F10/S4_Prices!F9-1 -> 0 | G9: =S4_Prices!G10/S4_Prices!G9-1 -> 0 | H9: =S4_Prices!H10/S4_Prices!H9-1 -> 0 | I9: =S4_Prices!I10/S4_Prices!I9-1 -> 0 | ... K9: =S4_Prices!K10/S4_Prices!K9-1 -> 0 | L9: =S5_Macro!E10/100 -> 0
A10: 44469 | B10: =S4_Prices!B11/S4_Prices!B10-1 -> 0 | C10: =S4_Prices!C11/S4_Prices!C10-1 -> 0 | D10: =S4_Prices!D11/S4_Prices!D10-1 -> 0 | E10: =S4_Prices!E11/S4_Prices!E10-1 -> 0 | F10: =S4_Prices!F11/S4_Prices!F10-1 -> 0 | G10: =S4_Prices!G11/S4_Prices!G10-1 -> 0 | H10: =S4_Prices!H11/S4_Prices!H10-1 -> 0 | I10: =S4_Prices!I11/S4_Prices!I10-1 -> 0 | ... K10: =S4_Prices!K11/S4_Prices!K10-1 -> 0 | L10: =S5_Macro!E11/100 -> 0
A11: 44500 | B11: =S4_Prices!B12/S4_Prices!B11-1 -> 0 | C11: =S4_Prices!C12/S4_Prices!C11-1 -> 0 | D11: =S4_Prices!D12/S4_Prices!D11-1 -> 0 | E11: =S4_Prices!E12/S4_Prices!E11-1 -> 0 | F11: =S4_Prices!F12/S4_Prices!F11-1 -> 0 | G11: =S4_Prices!G12/S4_Prices!G11-1 -> 0 | H11: =S4_Prices!H12/S4_Prices!H11-1 -> 0 | I11: =S4_Prices!I12/S4_Prices!I11-1 -> 0 | ... K11: =S4_Prices!K12/S4_Prices!K11-1 -> 0 | L11: =S5_Macro!E12/100 -> 0
A12: 44530 | B12: =S4_Prices!B13/S4_Prices!B12-1 -> 0 | C12: =S4_Prices!C13/S4_Prices!C12-1 -> 0 | D12: =S4_Prices!D13/S4_Prices!D12-1 -> 0 | E12: =S4_Prices!E13/S4_Prices!E12-1 -> 0 | F12: =S4_Prices!F13/S4_Prices!F12-1 -> 0 | G12: =S4_Prices!G13/S4_Prices!G12-1 -> 0 | H12: =S4_Prices!H13/S4_Prices!H12-1 -> 0 | I12: =S4_Prices!I13/S4_Prices!I12-1 -> 0 | ... K12: =S4_Prices!K13/S4_Prices!K12-1 -> 0 | L12: =S5_Macro!E13/100 -> 0
A13: 44561 | B13: =S4_Prices!B14/S4_Prices!B13-1 -> 0 | C13: =S4_Prices!C14/S4_Prices!C13-1 -> 0 | D13: =S4_Prices!D14/S4_Prices!D13-1 -> 0 | E13: =S4_Prices!E14/S4_Prices!E13-1 -> 0 | F13: =S4_Prices!F14/S4_Prices!F13-1 -> 0 | G13: =S4_Prices!G14/S4_Prices!G13-1 -> 0 | H13: =S4_Prices!H14/S4_Prices!H13-1 -> 0 | I13: =S4_Prices!I14/S4_Prices!I13-1 -> 0 | ... K13: =S4_Prices!K14/S4_Prices!K13-1 -> 0 | L13: =S5_Macro!E14/100 -> 0
... A61: 46022 | B61: =S4_Prices!B62/S4_Prices!B61-1 -> 0 | C61: =S4_Prices!C62/S4_Prices!C61-1 -> 0 | D61: =S4_Prices!D62/S4_Prices!D61-1 -> 0 | E61: =S4_Prices!E62/S4_Prices!E61-1 -> 0 | F61: =S4_Prices!F62/S4_Prices!F61-1 -> 0 | G61: =S4_Prices!G62/S4_Prices!G61-1 -> 0 | H61: =S4_Prices!H62/S4_Prices!H61-1 -> 0 | I61: =S4_Prices!I62/S4_Prices!I61-1 -> 0 | ... K61: =S4_Prices!K62/S4_Prices!K61-1 -> 0 | L61: =S5_Macro!E62/100 -> 0
A64: Annualised return (arith. mean x 12) | B64: =AVERAGE(B2:B49)*12 -> 0 | C64: =AVERAGE(C2:C49)*12 -> 0 | D64: =AVERAGE(D2:D49)*12 -> 0 | E64: =AVERAGE(E2:E49)*12 -> 0 | F64: =AVERAGE(F2:F49)*12 -> 0 | G64: =AVERAGE(G2:G49)*12 -> 0 | H64: =AVERAGE(H2:H49)*12 -> 0 | I64: =AVERAGE(I2:I49)*12 -> 0 | ... K64: =AVERAGE(K2:K49)*12 -> 0
A65: Annualised st. dev. (STDEV.S x SQRT 12) | B65: =_xlfn.STDEV.S(B2:B49)*SQRT(12) -> 0 | C65: =_xlfn.STDEV.S(C2:C49)*SQRT(12) -> 0 | D65: =_xlfn.STDEV.S(D2:D49)*SQRT(12) -> 0 | E65: =_xlfn.STDEV.S(E2:E49)*SQRT(12) -> 0 | F65: =_xlfn.STDEV.S(F2:F49)*SQRT(12) -> 0 | G65: =_xlfn.STDEV.S(G2:G49)*SQRT(12) -> 0 | H65: =_xlfn.STDEV.S(H2:H49)*SQRT(12) -> 0 | I65: =_xlfn.STDEV.S(I2:I49)*SQRT(12) -> 0 | ... K65: =_xlfn.STDEV.S(K2:K49)*SQRT(12) -> 0
A66: Risk-free (annual, mean monthly RF x 12) | B66: =AVERAGE(L2:L49)*12 -> 0
A67: Sharpe ratio | B67: =(B64-$B$66)/B65 -> 0 | C67: =(C64-$B$66)/C65 -> 0 | D67: =(D64-$B$66)/D65 -> 0 | E67: =(E64-$B$66)/E65 -> 0 | F67: =(F64-$B$66)/F65 -> 0 | G67: =(G64-$B$66)/G65 -> 0 | H67: =(H64-$B$66)/H65 -> 0 | I67: =(I64-$B$66)/I65 -> 0 | ... K67: =(K64-$B$66)/K65 -> 0
A69: Estimation window: rows 2-49 (Jan 2021 - Dec 2024, 48 obs). Rows 50-61 (2025) are hold-out, used only in Step 8.

Sheet S7_Cov
A1: Annualised cov (monthly COVARIANCE.S x 12) | B1: SPY | C1: IWM | D1: VEA | E1: VWO | F1: XLE | G1: QQQ | H1: AGG | I1: TIP | J1: HYG | K1: GLD
A2: SPY | B2: =_xlfn.COVARIANCE.S(INDEX(S6_Returns!$B$2:$K$49,0,ROW()-1),INDEX(S6_Returns!$B$2:$K$49,0,COLUMN()-1))*12 -> 0 | C2: =_xlfn.COVARIANCE.S(INDEX(S6_Returns!$B$2:$K$49,0,ROW()-1),INDEX(S6_Returns!$B$2:$K$49,0,COLUMN()-1))*12 -> 0 | D2: =_xlfn.COVARIANCE.S(INDEX(S6_Returns!$B$2:$K$49,0,ROW()-1),INDEX(S6_Returns!$B$2:$K$49,0,COLUMN()-1))*12 -> 0 | E2: =_xlfn.COVARIANCE.S(INDEX(S6_Returns!$B$2:$K$49,0,ROW()-1),INDEX(S6_Returns!$B$2:$K$49,0,COLUMN()-1))*12 -> 0 | F2: =_xlfn.COVARIANCE.S(INDEX(S6_Returns!$B$2:$K$49,0,ROW()-1),INDEX(S6_Returns!$B$2:$K$49,0,COLUMN()-1))*12 -> 0 | G2: =_xlfn.COVARIANCE.S(INDEX(S6_Returns!$B$2:$K$49,0,ROW()-1),INDEX(S6_Returns!$B$2:$K$49,0,COLUMN()-1))*12 -> 0 | H2: =_xlfn.COVARIANCE.S(INDEX(S6_Returns!$B$2:$K$49,0,ROW()-1),INDEX(S6_Returns!$B$2:$K$49,0,COLUMN()-1))*12 -> 0 | I2: =_xlfn.COVARIANCE.S(INDEX(S6_Returns!$B$2:$K$49,0,ROW()-1),INDEX(S6_Returns!$B$2:$K$49,0,COLUMN()-1))*12 -> 0 | ... K2: =_xlfn.COVARIANCE.S(INDEX(S6_Returns!$B$2:$K$49,0,ROW()-1),INDEX(S6_Returns!$B$2:$K$49,0,COLUMN()-1))*12 -> 0
A3: IWM | B3: =_xlfn.COVARIANCE.S(INDEX(S6_Returns!$B$2:$K$49,0,ROW()-1),INDEX(S6_Returns!$B$2:$K$49,0,COLUMN()-1))*12 -> 0 | C3: =_xlfn.COVARIANCE.S(INDEX(S6_Returns!$B$2:$K$49,0,ROW()-1),INDEX(S6_Returns!$B$2:$K$49,0,COLUMN()-1))*12 -> 0 | D3: =_xlfn.COVARIANCE.S(INDEX(S6_Returns!$B$2:$K$49,0,ROW()-1),INDEX(S6_Returns!$B$2:$K$49,0,COLUMN()-1))*12 -> 0 | E3: =_xlfn.COVARIANCE.S(INDEX(S6_Returns!$B$2:$K$49,0,ROW()-1),INDEX(S6_Returns!$B$2:$K$49,0,COLUMN()-1))*12 -> 0 | F3: =_xlfn.COVARIANCE.S(INDEX(S6_Returns!$B$2:$K$49,0,ROW()-1),INDEX(S6_Returns!$B$2:$K$49,0,COLUMN()-1))*12 -> 0 | G3: =_xlfn.COVARIANCE.S(INDEX(S6_Returns!$B$2:$K$49,0,ROW()-1),INDEX(S6_Returns!$B$2:$K$49,0,COLUMN()-1))*12 -> 0 | H3: =_xlfn.COVARIANCE.S(INDEX(S6_Returns!$B$2:$K$49,0,ROW()-1),INDEX(S6_Returns!$B$2:$K$49,0,COLUMN()-1))*12 -> 0 | I3: =_xlfn.COVARIANCE.S(INDEX(S6_Returns!$B$2:$K$49,0,ROW()-1),INDEX(S6_Returns!$B$2:$K$49,0,COLUMN()-1))*12 -> 0 | ... K3: =_xlfn.COVARIANCE.S(INDEX(S6_Returns!$B$2:$K$49,0,ROW()-1),INDEX(S6_Returns!$B$2:$K$49,0,COLUMN()-1))*12 -> 0
A4: VEA | B4: =_xlfn.COVARIANCE.S(INDEX(S6_Returns!$B$2:$K$49,0,ROW()-1),INDEX(S6_Returns!$B$2:$K$49,0,COLUMN()-1))*12 -> 0 | C4: =_xlfn.COVARIANCE.S(INDEX(S6_Returns!$B$2:$K$49,0,ROW()-1),INDEX(S6_Returns!$B$2:$K$49,0,COLUMN()-1))*12 -> 0 | D4: =_xlfn.COVARIANCE.S(INDEX(S6_Returns!$B$2:$K$49,0,ROW()-1),INDEX(S6_Returns!$B$2:$K$49,0,COLUMN()-1))*12 -> 0 | E4: =_xlfn.COVARIANCE.S(INDEX(S6_Returns!$B$2:$K$49,0,ROW()-1),INDEX(S6_Returns!$B$2:$K$49,0,COLUMN()-1))*12 -> 0 | F4: =_xlfn.COVARIANCE.S(INDEX(S6_Returns!$B$2:$K$49,0,ROW()-1),INDEX(S6_Returns!$B$2:$K$49,0,COLUMN()-1))*12 -> 0 | G4: =_xlfn.COVARIANCE.S(INDEX(S6_Returns!$B$2:$K$49,0,ROW()-1),INDEX(S6_Returns!$B$2:$K$49,0,COLUMN()-1))*12 -> 0 | H4: =_xlfn.COVARIANCE.S(INDEX(S6_Returns!$B$2:$K$49,0,ROW()-1),INDEX(S6_Returns!$B$2:$K$49,0,COLUMN()-1))*12 -> 0 | I4: =_xlfn.COVARIANCE.S(INDEX(S6_Returns!$B$2:$K$49,0,ROW()-1),INDEX(S6_Returns!$B$2:$K$49,0,COLUMN()-1))*12 -> 0 | ... K4: =_xlfn.COVARIANCE.S(INDEX(S6_Returns!$B$2:$K$49,0,ROW()-1),INDEX(S6_Returns!$B$2:$K$49,0,COLUMN()-1))*12 -> 0
A5: VWO | B5: =_xlfn.COVARIANCE.S(INDEX(S6_Returns!$B$2:$K$49,0,ROW()-1),INDEX(S6_Returns!$B$2:$K$49,0,COLUMN()-1))*12 -> 0 | C5: =_xlfn.COVARIANCE.S(INDEX(S6_Returns!$B$2:$K$49,0,ROW()-1),INDEX(S6_Returns!$B$2:$K$49,0,COLUMN()-1))*12 -> 0 | D5: =_xlfn.COVARIANCE.S(INDEX(S6_Returns!$B$2:$K$49,0,ROW()-1),INDEX(S6_Returns!$B$2:$K$49,0,COLUMN()-1))*12 -> 0 | E5: =_xlfn.COVARIANCE.S(INDEX(S6_Returns!$B$2:$K$49,0,ROW()-1),INDEX(S6_Returns!$B$2:$K$49,0,COLUMN()-1))*12 -> 0 | F5: =_xlfn.COVARIANCE.S(INDEX(S6_Returns!$B$2:$K$49,0,ROW()-1),INDEX(S6_Returns!$B$2:$K$49,0,COLUMN()-1))*12 -> 0 | G5: =_xlfn.COVARIANCE.S(INDEX(S6_Returns!$B$2:$K$49,0,ROW()-1),INDEX(S6_Returns!$B$2:$K$49,0,COLUMN()-1))*12 -> 0 | H5: =_xlfn.COVARIANCE.S(INDEX(S6_Returns!$B$2:$K$49,0,ROW()-1),INDEX(S6_Returns!$B$2:$K$49,0,COLUMN()-1))*12 -> 0 | I5: =_xlfn.COVARIANCE.S(INDEX(S6_Returns!$B$2:$K$49,0,ROW()-1),INDEX(S6_Returns!$B$2:$K$49,0,COLUMN()-1))*12 -> 0 | ... K5: =_xlfn.COVARIANCE.S(INDEX(S6_Returns!$B$2:$K$49,0,ROW()-1),INDEX(S6_Returns!$B$2:$K$49,0,COLUMN()-1))*12 -> 0
A6: XLE | B6: =_xlfn.COVARIANCE.S(INDEX(S6_Returns!$B$2:$K$49,0,ROW()-1),INDEX(S6_Returns!$B$2:$K$49,0,COLUMN()-1))*12 -> 0 | C6: =_xlfn.COVARIANCE.S(INDEX(S6_Returns!$B$2:$K$49,0,ROW()-1),INDEX(S6_Returns!$B$2:$K$49,0,COLUMN()-1))*12 -> 0 | D6: =_xlfn.COVARIANCE.S(INDEX(S6_Returns!$B$2:$K$49,0,ROW()-1),INDEX(S6_Returns!$B$2:$K$49,0,COLUMN()-1))*12 -> 0 | E6: =_xlfn.COVARIANCE.S(INDEX(S6_Returns!$B$2:$K$49,0,ROW()-1),INDEX(S6_Returns!$B$2:$K$49,0,COLUMN()-1))*12 -> 0 | F6: =_xlfn.COVARIANCE.S(INDEX(S6_Returns!$B$2:$K$49,0,ROW()-1),INDEX(S6_Returns!$B$2:$K$49,0,COLUMN()-1))*12 -> 0 | G6: =_xlfn.COVARIANCE.S(INDEX(S6_Returns!$B$2:$K$49,0,ROW()-1),INDEX(S6_Returns!$B$2:$K$49,0,COLUMN()-1))*12 -> 0 | H6: =_xlfn.COVARIANCE.S(INDEX(S6_Returns!$B$2:$K$49,0,ROW()-1),INDEX(S6_Returns!$B$2:$K$49,0,COLUMN()-1))*12 -> 0 | I6: =_xlfn.COVARIANCE.S(INDEX(S6_Returns!$B$2:$K$49,0,ROW()-1),INDEX(S6_Returns!$B$2:$K$49,0,COLUMN()-1))*12 -> 0 | ... K6: =_xlfn.COVARIANCE.S(INDEX(S6_Returns!$B$2:$K$49,0,ROW()-1),INDEX(S6_Returns!$B$2:$K$49,0,COLUMN()-1))*12 -> 0
A7: QQQ | B7: =_xlfn.COVARIANCE.S(INDEX(S6_Returns!$B$2:$K$49,0,ROW()-1),INDEX(S6_Returns!$B$2:$K$49,0,COLUMN()-1))*12 -> 0 | C7: =_xlfn.COVARIANCE.S(INDEX(S6_Returns!$B$2:$K$49,0,ROW()-1),INDEX(S6_Returns!$B$2:$K$49,0,COLUMN()-1))*12 -> 0 | D7: =_xlfn.COVARIANCE.S(INDEX(S6_Returns!$B$2:$K$49,0,ROW()-1),INDEX(S6_Returns!$B$2:$K$49,0,COLUMN()-1))*12 -> 0 | E7: =_xlfn.COVARIANCE.S(INDEX(S6_Returns!$B$2:$K$49,0,ROW()-1),INDEX(S6_Returns!$B$2:$K$49,0,COLUMN()-1))*12 -> 0 | F7: =_xlfn.COVARIANCE.S(INDEX(S6_Returns!$B$2:$K$49,0,ROW()-1),INDEX(S6_Returns!$B$2:$K$49,0,COLUMN()-1))*12 -> 0 | G7: =_xlfn.COVARIANCE.S(INDEX(S6_Returns!$B$2:$K$49,0,ROW()-1),INDEX(S6_Returns!$B$2:$K$49,0,COLUMN()-1))*12 -> 0 | H7: =_xlfn.COVARIANCE.S(INDEX(S6_Returns!$B$2:$K$49,0,ROW()-1),INDEX(S6_Returns!$B$2:$K$49,0,COLUMN()-1))*12 -> 0 | I7: =_xlfn.COVARIANCE.S(INDEX(S6_Returns!$B$2:$K$49,0,ROW()-1),INDEX(S6_Returns!$B$2:$K$49,0,COLUMN()-1))*12 -> 0 | ... K7: =_xlfn.COVARIANCE.S(INDEX(S6_Returns!$B$2:$K$49,0,ROW()-1),INDEX(S6_Returns!$B$2:$K$49,0,COLUMN()-1))*12 -> 0
A8: AGG | B8: =_xlfn.COVARIANCE.S(INDEX(S6_Returns!$B$2:$K$49,0,ROW()-1),INDEX(S6_Returns!$B$2:$K$49,0,COLUMN()-1))*12 -> 0 | C8: =_xlfn.COVARIANCE.S(INDEX(S6_Returns!$B$2:$K$49,0,ROW()-1),INDEX(S6_Returns!$B$2:$K$49,0,COLUMN()-1))*12 -> 0 | D8: =_xlfn.COVARIANCE.S(INDEX(S6_Returns!$B$2:$K$49,0,ROW()-1),INDEX(S6_Returns!$B$2:$K$49,0,COLUMN()-1))*12 -> 0 | E8: =_xlfn.COVARIANCE.S(INDEX(S6_Returns!$B$2:$K$49,0,ROW()-1),INDEX(S6_Returns!$B$2:$K$49,0,COLUMN()-1))*12 -> 0 | F8: =_xlfn.COVARIANCE.S(INDEX(S6_Returns!$B$2:$K$49,0,ROW()-1),INDEX(S6_Returns!$B$2:$K$49,0,COLUMN()-1))*12 -> 0 | G8: =_xlfn.COVARIANCE.S(INDEX(S6_Returns!$B$2:$K$49,0,ROW()-1),INDEX(S6_Returns!$B$2:$K$49,0,COLUMN()-1))*12 -> 0 | H8: =_xlfn.COVARIANCE.S(INDEX(S6_Returns!$B$2:$K$49,0,ROW()-1),INDEX(S6_Returns!$B$2:$K$49,0,COLUMN()-1))*12 -> 0 | I8: =_xlfn.COVARIANCE.S(INDEX(S6_Returns!$B$2:$K$49,0,ROW()-1),INDEX(S6_Returns!$B$2:$K$49,0,COLUMN()-1))*12 -> 0 | ... K8: =_xlfn.COVARIANCE.S(INDEX(S6_Returns!$B$2:$K$49,0,ROW()-1),INDEX(S6_Returns!$B$2:$K$49,0,COLUMN()-1))*12 -> 0
A9: TIP | B9: =_xlfn.COVARIANCE.S(INDEX(S6_Returns!$B$2:$K$49,0,ROW()-1),INDEX(S6_Returns!$B$2:$K$49,0,COLUMN()-1))*12 -> 0 | C9: =_xlfn.COVARIANCE.S(INDEX(S6_Returns!$B$2:$K$49,0,ROW()-1),INDEX(S6_Returns!$B$2:$K$49,0,COLUMN()-1))*12 -> 0 | D9: =_xlfn.COVARIANCE.S(INDEX(S6_Returns!$B$2:$K$49,0,ROW()-1),INDEX(S6_Returns!$B$2:$K$49,0,COLUMN()-1))*12 -> 0 | E9: =_xlfn.COVARIANCE.S(INDEX(S6_Returns!$B$2:$K$49,0,ROW()-1),INDEX(S6_Returns!$B$2:$K$49,0,COLUMN()-1))*12 -> 0 | F9: =_xlfn.COVARIANCE.S(INDEX(S6_Returns!$B$2:$K$49,0,ROW()-1),INDEX(S6_Returns!$B$2:$K$49,0,COLUMN()-1))*12 -> 0 | G9: =_xlfn.COVARIANCE.S(INDEX(S6_Returns!$B$2:$K$49,0,ROW()-1),INDEX(S6_Returns!$B$2:$K$49,0,COLUMN()-1))*12 -> 0 | H9: =_xlfn.COVARIANCE.S(INDEX(S6_Returns!$B$2:$K$49,0,ROW()-1),INDEX(S6_Returns!$B$2:$K$49,0,COLUMN()-1))*12 -> 0 | I9: =_xlfn.COVARIANCE.S(INDEX(S6_Returns!$B$2:$K$49,0,ROW()-1),INDEX(S6_Returns!$B$2:$K$49,0,COLUMN()-1))*12 -> 0 | ... K9: =_xlfn.COVARIANCE.S(INDEX(S6_Returns!$B$2:$K$49,0,ROW()-1),INDEX(S6_Returns!$B$2:$K$49,0,COLUMN()-1))*12 -> 0
A10: HYG | B10: =_xlfn.COVARIANCE.S(INDEX(S6_Returns!$B$2:$K$49,0,ROW()-1),INDEX(S6_Returns!$B$2:$K$49,0,COLUMN()-1))*12 -> 0 | C10: =_xlfn.COVARIANCE.S(INDEX(S6_Returns!$B$2:$K$49,0,ROW()-1),INDEX(S6_Returns!$B$2:$K$49,0,COLUMN()-1))*12 -> 0 | D10: =_xlfn.COVARIANCE.S(INDEX(S6_Returns!$B$2:$K$49,0,ROW()-1),INDEX(S6_Returns!$B$2:$K$49,0,COLUMN()-1))*12 -> 0 | E10: =_xlfn.COVARIANCE.S(INDEX(S6_Returns!$B$2:$K$49,0,ROW()-1),INDEX(S6_Returns!$B$2:$K$49,0,COLUMN()-1))*12 -> 0 | F10: =_xlfn.COVARIANCE.S(INDEX(S6_Returns!$B$2:$K$49,0,ROW()-1),INDEX(S6_Returns!$B$2:$K$49,0,COLUMN()-1))*12 -> 0 | G10: =_xlfn.COVARIANCE.S(INDEX(S6_Returns!$B$2:$K$49,0,ROW()-1),INDEX(S6_Returns!$B$2:$K$49,0,COLUMN()-1))*12 -> 0 | H10: =_xlfn.COVARIANCE.S(INDEX(S6_Returns!$B$2:$K$49,0,ROW()-1),INDEX(S6_Returns!$B$2:$K$49,0,COLUMN()-1))*12 -> 0 | I10: =_xlfn.COVARIANCE.S(INDEX(S6_Returns!$B$2:$K$49,0,ROW()-1),INDEX(S6_Returns!$B$2:$K$49,0,COLUMN()-1))*12 -> 0 | ... K10: =_xlfn.COVARIANCE.S(INDEX(S6_Returns!$B$2:$K$49,0,ROW()-1),INDEX(S6_Returns!$B$2:$K$49,0,COLUMN()-1))*12 -> 0
A11: GLD | B11: =_xlfn.COVARIANCE.S(INDEX(S6_Returns!$B$2:$K$49,0,ROW()-1),INDEX(S6_Returns!$B$2:$K$49,0,COLUMN()-1))*12 -> 0 | C11: =_xlfn.COVARIANCE.S(INDEX(S6_Returns!$B$2:$K$49,0,ROW()-1),INDEX(S6_Returns!$B$2:$K$49,0,COLUMN()-1))*12 -> 0 | D11: =_xlfn.COVARIANCE.S(INDEX(S6_Returns!$B$2:$K$49,0,ROW()-1),INDEX(S6_Returns!$B$2:$K$49,0,COLUMN()-1))*12 -> 0 | E11: =_xlfn.COVARIANCE.S(INDEX(S6_Returns!$B$2:$K$49,0,ROW()-1),INDEX(S6_Returns!$B$2:$K$49,0,COLUMN()-1))*12 -> 0 | F11: =_xlfn.COVARIANCE.S(INDEX(S6_Returns!$B$2:$K$49,0,ROW()-1),INDEX(S6_Returns!$B$2:$K$49,0,COLUMN()-1))*12 -> 0 | G11: =_xlfn.COVARIANCE.S(INDEX(S6_Returns!$B$2:$K$49,0,ROW()-1),INDEX(S6_Returns!$B$2:$K$49,0,COLUMN()-1))*12 -> 0 | H11: =_xlfn.COVARIANCE.S(INDEX(S6_Returns!$B$2:$K$49,0,ROW()-1),INDEX(S6_Returns!$B$2:$K$49,0,COLUMN()-1))*12 -> 0 | I11: =_xlfn.COVARIANCE.S(INDEX(S6_Returns!$B$2:$K$49,0,ROW()-1),INDEX(S6_Returns!$B$2:$K$49,0,COLUMN()-1))*12 -> 0 | ... K11: =_xlfn.COVARIANCE.S(INDEX(S6_Returns!$B$2:$K$49,0,ROW()-1),INDEX(S6_Returns!$B$2:$K$49,0,COLUMN()-1))*12 -> 0

Sheet S8_Solver
A1: Weights via Excel Solver: MVP, ORP, OCP (A = 7)
A2: Yellow cells are Solver decision variables (pre-filled with the Python optimum). Re-run Solver to confirm; everything else is a formula.
A3: Ticker | B3: SPY | C3: IWM | D3: VEA | E3: VWO | F3: XLE | G3: QQQ | H3: AGG | I3: TIP | J3: HYG | K3: GLD | L3: Sum
A4: E[r] (annualised) | B4: =S6_Returns!B64 -> 0 | C4: =S6_Returns!C64 -> 0 | D4: =S6_Returns!D64 -> 0 | E4: =S6_Returns!E64 -> 0 | F4: =S6_Returns!F64 -> 0 | G4: =S6_Returns!G64 -> 0 | H4: =S6_Returns!H64 -> 0 | I4: =S6_Returns!I64 -> 0 | ... K4: =S6_Returns!K64 -> 0
A5: St. dev. (annualised) | B5: =S6_Returns!B65 -> 0 | C5: =S6_Returns!C65 -> 0 | D5: =S6_Returns!D65 -> 0 | E5: =S6_Returns!E65 -> 0 | F5: =S6_Returns!F65 -> 0 | G5: =S6_Returns!G65 -> 0 | H5: =S6_Returns!H65 -> 0 | I5: =S6_Returns!I65 -> 0 | ... K5: =S6_Returns!K65 -> 0
A6: Risk-free (annual) | B6: =S6_Returns!B66 -> 0
A8: 1) MINIMUM VARIANCE PORTFOLIO (MVP)
A9: Weights | B9: 0 | C9: 0 | D9: 0 | E9: 0 | F9: 0.028603631 | G9: 0 | H9: 0.3601121 | I9: 0.57201296 | J9: 0 | K9: 0.039271302 | L9: =SUM(B9:K9) -> 0
A10: Return | B10: =SUMPRODUCT(B9:K9,$B$4:$K$4) -> 0
A11: Variance (objective: minimise) | B11: =SUMPRODUCT(MMULT(B9:K9,S7_Cov!$B$2:$K$11),B9:K9) -> 0
A12: St. dev. | B12: =SQRT(B11) -> 0
A13: Sharpe | B13: =(B10-$B$6)/B12 -> 0
A14: 2) OPTIMUM RISKY PORTFOLIO (ORP)
A15: Weights | B15: 0 | C15: 0 | D15: 0 | E15: 0 | F15: 0.37901684 | G15: 0.22897099 | H15: 0 | I15: 0 | J15: 0 | K15: 0.39201217 | L15: =SUM(B15:K15) -> 0
A16: Return | B16: =SUMPRODUCT(B15:K15,$B$4:$K$4) -> 0
A17: Variance | B17: =SUMPRODUCT(MMULT(B15:K15,S7_Cov!$B$2:$K$11),B15:K15) -> 0
A18: St. dev. | B18: =SQRT(B17) -> 0
A19: Sharpe (objective: maximise) | B19: =(B16-$B$6)/B18 -> 0
A20: # ETFs with weight > 0.01% (need >= 2) | B20: =COUNTIF(B15:K15,">0.0001") -> 0
A22: 3) OPTIMUM COMPLETE PORTFOLIO (OCP), A = 7
A23: y = share in ORP (decision variable) | B23: 1.2296759
A24: Risky weights (y x ORP) | B24: =$B$23*B15 -> 0 | C24: =$B$23*C15 -> 0 | D24: =$B$23*D15 -> 0 | E24: =$B$23*E15 -> 0 | F24: =$B$23*F15 -> 0 | G24: =$B$23*G15 -> 0 | H24: =$B$23*H15 -> 0 | I24: =$B$23*I15 -> 0 | ... K24: =$B$23*K15 -> 0
A25: Risk-free weight (1 - y; negative = borrowing at rf) | B25: =1-B23 -> 0
A26: Return | B26: =$B$6+B23*(B16-$B$6) -> 0
A27: St. dev. | B27: =B23*B18 -> 0
A28: Utility = E[r] - 0.5*A*var (objective: maximise) | B28: =B26-0.5*B29*B27^2 -> 0
A29: Risk aversion A | B29: 7
A30: Closed-form y* = (E[rORP]-rf)/(A var_ORP) | B30: =(B16-$B$6)/(B29*B17) -> 0
A31: Sharpe | B31: =(B26-$B$6)/B27 -> 0
A33: HOW TO RUN SOLVER (Data > Solver; Solving Method = GRG Nonlinear; tick 'Make Unconstrained Variables Non-Negative')
A34: MVP: Set Objective B11 = Min | By Changing B9:K9 | Constraint: L9 = 1
A35: ORP: Set Objective B19 = Max | By Changing B15:K15 | Constraints: L15 = 1 and B20 >= 2
A36: OCP: Set Objective B28 = Max | By Changing B23 | Constraint: B23 >= 0 (B23 > 1 means borrowing at rf)
A37: Check: B23 should equal the closed-form y* in B30. Solver keeps one model per sheet: re-enter the objective for each run.
